{"initial_reset_timestamp": 1551547843.4494407, "timestamps": [1551547852.8465111, 1551547853.7917163, 1551547854.890341, 1551547856.2413313, 1551547857.5821545, 1551547858.7175012, 1551547859.8873272, 1551547860.9748554, 1551547861.9409995, 1551547863.0768158, 1551547864.325995, 1551547865.3603828, 1551547866.4717114, 1551547867.47204, 1551547868.4252906, 1551547869.386424, 1551547870.4296165, 1551547871.4540358, 1551547872.5129135, 1551547873.4855266, 1551547874.4657307, 1551547875.4240696, 1551547876.3813653, 1551547877.3654387, 1551547878.3108792, 1551547879.2539446, 1551547880.2283158, 1551547881.160323, 1551547882.1308143, 1551547883.0501149, 1551547884.037495, 1551547885.0348554, 1551547885.9957259, 1551547886.9822562, 1551547887.9326246, 1551547888.8929026, 1551547889.8472495, 1551547890.845929, 1551547891.8213735, 1551547892.7945883, 1551547893.9734464, 1551547895.063168, 1551547896.5041869, 1551547897.4459045, 1551547898.4019809, 1551547899.2425308, 1551547900.083069, 1551547900.9192073, 1551547901.7526479, 1551547902.5713456, 1551547903.3854012, 1551547904.193193, 1551547905.0070395, 1551547905.8163924, 1551547906.6333008, 1551547907.4503293, 1551547908.2668781, 1551547909.0713284, 1551547909.872991, 1551547910.682536, 1551547911.5232186, 1551547912.3677456, 1551547913.2262483, 1551547914.0466373, 1551547914.8747182, 1551547915.6943011, 1551547916.5190182, 1551547917.4062724, 1551547918.258739, 1551547919.1738522, 1551547920.2175903, 1551547921.109511, 1551547922.1976564, 1551547923.2564344, 1551547924.2683105, 1551547925.3764637, 1551547926.26114, 1551547927.0894358, 1551547927.898336, 1551547928.7043195, 1551547929.515606, 1551547930.3207202, 1551547931.134979, 1551547931.9511552, 1551547932.7701414, 1551547933.5837636, 1551547934.3945947, 1551547935.2081208, 1551547936.0244634, 1551547936.839329, 1551547937.6464672, 1551547938.4606435, 1551547939.2725785, 1551547940.1071837, 1551547940.9478009, 1551547941.7898588, 1551547942.7183864, 1551547943.5853083, 1551547944.471956, 1551547945.4027998], "episode_lengths": [3000, 3000, 3000, 3000, 3000, 3000, 3000, 3000, 3000, 3000, 3000, 3000, 3000, 3000, 3000, 3000, 3000, 3000, 3000, 3000, 3000, 3000, 3000, 3000, 3000, 3000, 3000, 3000, 3000, 3000, 3000, 3000, 3000, 3000, 3000, 3000, 3000, 3000, 3000, 3000, 3000, 3000, 3000, 3000, 3000, 3000, 3000, 3000, 3000, 3000, 3000, 3000, 3000, 3000, 3000, 3000, 3000, 3000, 3000, 3000, 3000, 3000, 3000, 3000, 3000, 3000, 3000, 3000, 3000, 3000, 3000, 3000, 3000, 3000, 3000, 3000, 3000, 3000, 3000, 3000, 3000, 3000, 3000, 3000, 3000, 3000, 3000, 3000, 3000, 3000, 3000, 3000, 3000, 3000, 3000, 3000, 3000, 3000, 3000, 3000], "episode_rewards": [5.525406021387963, 5.511778943612114, 5.522151985618316, 5.512574654102609, 5.525322304897093, 5.524378603287467, 5.507826575581875, 5.5076678005717445, 5.52365541442286, 5.51409436534875, 5.497415197428049, 5.525385456565216, 5.524862729610328, 5.526081129018751, 5.492451666225941, 5.517986081005881, 5.509985575168098, 5.508867346491578, 5.520270202487234, 5.522636081471736, 5.498310624209951, 5.513714231971896, 5.497744941193129, 5.503051279107313, 5.525316286980699, 5.525409524580463, 5.521112711251122, 5.521772764206471, 5.521041399645734, 5.515142442866361, 5.517262042692423, 5.525361678508293, 5.49557747888429, 5.518012443234798, 5.50981501336685, 5.521510978378741, 5.52572493632128, 5.509200802887726, 5.518703445907293, 5.524870620670777, 5.515039578083394, 5.524734502254558, 5.5146136798415055, 5.510999286419046, 5.5234917787754245, 5.510950432333053, 5.520170681092158, 5.517091745502309, 5.524148783961987, 5.517016629743538, 5.519458431516632, 5.520514908326431, 5.522021790984975, 5.51330852062943, 5.495517936773284, 5.526566801617701, 5.512523388646143, 5.515010511887374, 5.511983367115766, 5.511528280509189, 5.5099763595048445, 5.526056227187128, 5.518351793538283, 5.499948433431882, 5.524606994191915, 5.513653385503917, 5.496680799151811, 5.5076254150259745, 5.515336229806032, 5.518559854748855, 5.525906524693652, 5.51605903730106, 5.524405496255973, 5.515991626096744, 5.491762666989025, 5.514374846812253, 5.505948636177223, 5.48853681814934, 5.5106657241956265, 5.524468878582483, 5.5055274586938125, 5.506269796612495, 5.518460724259025, 5.520767908070458, 5.520904967757003, 5.520802480422522, 5.508830124396305, 5.502029748786752, 5.5087081802867175, 5.493219220836063, 5.517208328521781, 5.495209883633933, 5.501109487415617, 5.50963539179366, 5.499520056446746, 5.524138222788201, 5.518428586305786, 5.517848073913779, 5.502487557047794, 5.52305063288632], "episode_types": ["t", "t", "t", "t", "t", "t", "t", "t", "t", "t", "t", "t", "t", "t", "t", "t", "t", "t", "t", "t", "t", "t", "t", "t", "t", "t", "t", "t", "t", "t", "t", "t", "t", "t", "t", "t", "t", "t", "t", "t", "t", "t", "t", "t", "t", "t", "t", "t", "t", "t", "t", "t", "t", "t", "t", "t", "t", "t", "t", "t", "t", "t", "t", "t", "t", "t", "t", "t", "t", "t", "t", "t", "t", "t", "t", "t", "t", "t", "t", "t", "t", "t", "t", "t", "t", "t", "t", "t", "t", "t", "t", "t", "t", "t", "t", "t", "t", "t", "t", "t", "t"]}