{"initial_reset_timestamp": 1552573837.475903, "timestamps": [1552573843.0900133, 1552573843.5261607, 1552573843.8796365, 1552573844.4339373, 1552573845.1478014, 1552573845.710662, 1552573846.2342446, 1552573846.5646472, 1552573847.0727944, 1552573847.4112713, 1552573847.9072165, 1552573848.3315072, 1552573849.6163108, 1552573850.6399152, 1552573851.3567333, 1552573851.9408894, 1552573852.5728278, 1552573853.243803, 1552573854.827005, 1552573855.7888298, 1552573856.4933975, 1552573857.1391644, 1552573857.7454748, 1552573858.8056476, 1552573859.4932075, 1552573860.3572109, 1552573860.9079945, 1552573861.9215488, 1552573863.1935494, 1552573864.0301204, 1552573864.5297463, 1552573865.0087707, 1552573865.3234344, 1552573865.7916713, 1552573866.2770836, 1552573866.8694866, 1552573867.227691, 1552573867.70123, 1552573868.2055576, 1552573868.8537354, 1552573869.7918115, 1552573870.5416915, 1552573870.8615358, 1552573871.3535821, 1552573871.6626694, 1552573872.3077006, 1552573872.6281745, 1552573873.1021268, 1552573873.4100409, 1552573873.7172842, 1552573874.2139134, 1552573874.8424351, 1552573875.1472428, 1552573875.6142786, 1552573876.0838528, 1552573876.3993971, 1552573876.7004123, 1552573877.2620587, 1552573877.738581, 1552573878.0468533, 1552573878.5568287, 1552573878.8477263, 1552573879.1357856, 1552573879.4525118, 1552573879.9295194, 1552573880.4715154, 1552573880.9638846, 1552573881.4468067, 1552573881.7561047, 1552573882.2507298, 1552573882.7496023, 1552573883.0618036, 1552573883.3760514, 1552573883.87386, 1552573884.3433313, 1552573884.8256087, 1552573885.3071225, 1552573885.6157377, 1552573885.927626, 1552573886.260332, 1552573886.566064, 1552573887.0428016, 1552573887.5171242, 1552573887.8295884, 1552573888.3212585, 1552573888.6319277, 1552573888.9426737, 1552573889.2566745, 1552573889.4877276, 1552573889.8247018, 1552573890.2978919, 1552573890.5407171, 1552573891.012337, 1552573891.2917857, 1552573891.6008842, 1552573891.898253, 1552573892.2072225, 1552573892.698572, 1552573893.178689, 1552573893.4820297], "episode_lengths": [156, 149, 150, 228, 300, 229, 227, 144, 223, 143, 226, 118, 223, 225, 147, 139, 140, 142, 300, 142, 145, 112, 140, 224, 142, 226, 105, 223, 224, 224, 236, 224, 145, 223, 225, 225, 144, 154, 148, 142, 148, 300, 145, 227, 142, 300, 144, 223, 147, 146, 235, 300, 142, 222, 222, 151, 140, 227, 225, 145, 226, 141, 139, 147, 225, 225, 227, 225, 142, 224, 223, 140, 142, 225, 225, 225, 223, 140, 145, 155, 142, 224, 223, 146, 228, 145, 145, 144, 104, 154, 222, 112, 223, 120, 145, 142, 146, 225, 224, 141], "episode_rewards": [0.13581828824514575, 0.33991264921966496, 0.3350492333349037, 0.4830711180624926, 0.9610405949476685, 0.5086982149278694, 0.46625848613408044, 0.27051917288599003, 0.3683957621351551, 0.25722242819284535, 0.4516878702501719, 0.10824389473292934, 0.3786137092634435, 0.4301645258710503, 0.2840490708225713, 0.21748882288215438, 0.2246601589551629, 0.2397054173026802, 0.807064599263948, 0.2378933000595504, 0.2615458221032154, 0.05812930461362338, 0.22124563595896105, 0.41109995171700686, 0.2354988279613917, 0.4618589119338245, 0.047446691683804644, 0.3653677240467887, 0.398478315939375, 0.40724821168659725, 0.6133944908348846, 0.3811135185423177, 0.2652293155020225, 0.40475949134589584, 0.41482560556608983, 0.41795818437131815, 0.2665061723729993, 0.12370872004657821, 0.3007874739921746, 0.2395174831728021, 0.3144648305227695, 0.7360219716175856, 0.26843547677633406, 0.41246635503147333, 0.23635442357245848, 0.9543348851457946, 0.2620328856847097, 0.37586869604673573, 0.2975470641568219, 0.29230814776097386, 0.5669262030598781, 0.8838204321381777, 0.2428501576989737, 0.36643986964237013, 0.3746521369020454, 0.36491834245715543, 0.2250979860924501, 0.4703066923689999, 0.43734549537461714, 0.2662938053531495, 0.44578079702414647, 0.23403626575045414, 0.21333244948556807, 0.28813678446821056, 0.4469550619571239, 0.424784260660882, 0.47675939054404165, 0.4362548705151276, 0.23191634935867045, 0.4301074249498291, 0.38417613080891316, 0.22605630342036295, 0.2391338977006336, 0.421216909595247, 0.4337802665043731, 0.44309767566439556, 0.3877008485019409, 0.22432476633732504, 0.2693732743876431, 0.1295233549478303, 0.23493356964637163, 0.4067776466517882, 0.3852358437514097, 0.2812595350410672, 0.4841721340210384, 0.28141763770099176, 0.2724856770897174, 0.2711072070500916, 0.04820904682922256, 0.4242318004015509, 0.36145792798977855, 0.05522204723109188, 0.39963345628954333, 0.12280822299727762, 0.2808309816912596, 0.23667882442976929, 0.2757172639270001, 0.41936447933656074, 0.4277115089780179, 0.23139179260876655], "episode_types": ["t", "t", "t", "t", "t", "t", "t", "t", "t", "t", "t", "t", "t", "t", "t", "t", "t", "t", "t", "t", "t", "t", "t", "t", "t", "t", "t", "t", "t", "t", "t", "t", "t", "t", "t", "t", "t", "t", "t", "t", "t", "t", "t", "t", "t", "t", "t", "t", "t", "t", "t", "t", "t", "t", "t", "t", "t", "t", "t", "t", "t", "t", "t", "t", "t", "t", "t", "t", "t", "t", "t", "t", "t", "t", "t", "t", "t", "t", "t", "t", "t", "t", "t", "t", "t", "t", "t", "t", "t", "t", "t", "t", "t", "t", "t", "t", "t", "t", "t", "t"]}