{"initial_reset_timestamp": 1551545765.5499723, "timestamps": [1551545932.4969766, 1551545935.0834377, 1551545937.9952314, 1551545940.730386, 1551545943.5007918, 1551545946.1041048, 1551545948.6463897, 1551545951.191479, 1551545953.7508986, 1551545956.2915123, 1551545958.8357053, 1551545961.382353, 1551545963.9491057, 1551545966.501391, 1551545969.0525463, 1551545971.591703, 1551545974.135957, 1551545976.6733305, 1551545979.2103088, 1551545982.1302376, 1551545986.717286, 1551545989.534811, 1551545994.860314, 1551545998.1960983, 1551546002.1765685, 1551546005.21584, 1551546008.546266, 1551546011.3460057, 1551546014.1707323, 1551546016.80025, 1551546019.674788, 1551546022.4711616, 1551546025.7367346, 1551546028.9986534, 1551546032.3862576, 1551546036.038178, 1551546039.8831542, 1551546042.790213, 1551546045.3899124, 1551546048.0197413, 1551546050.6510959, 1551546053.3261428, 1551546055.9269073, 1551546058.6114974, 1551546061.3316193, 1551546063.959274, 1551546066.5812716, 1551546069.2160609, 1551546072.2810276, 1551546075.466439, 1551546079.3551428, 1551546083.0302336, 1551546086.9471047, 1551546090.3976555, 1551546093.333629, 1551546096.2102165, 1551546098.8865342, 1551546101.5441902, 1551546104.3312745, 1551546107.0446303, 1551546109.6633708, 1551546112.476001, 1551546115.4019468, 1551546118.4472723, 1551546121.0698729, 1551546124.533068, 1551546127.4048562, 1551546129.9977298, 1551546132.5517166, 1551546135.161734, 1551546137.6963098, 1551546141.093797, 1551546143.7449725, 1551546147.0207274, 1551546150.0259912, 1551546153.069998, 1551546155.7002137, 1551546158.2266366, 1551546160.7572458, 1551546163.2802296, 1551546165.7931786, 1551546168.3109994, 1551546170.8246489, 1551546173.4024537, 1551546175.9650364, 1551546178.5626128, 1551546181.1676052, 1551546183.879268, 1551546186.5787354, 1551546189.5556655, 1551546192.669875, 1551546195.7332609, 1551546198.467744, 1551546200.9868157, 1551546203.4867246, 1551546206.1873262, 1551546208.8467774, 1551546211.326337, 1551546213.7748456, 1551546216.2382863], "episode_lengths": [10000, 10000, 10000, 10000, 10000, 10000, 10000, 10000, 10000, 10000, 10000, 10000, 10000, 10000, 10000, 10000, 10000, 10000, 10000, 10000, 10000, 10000, 10000, 10000, 10000, 10000, 10000, 10000, 10000, 10000, 10000, 10000, 10000, 10000, 10000, 10000, 10000, 10000, 10000, 10000, 10000, 10000, 10000, 10000, 10000, 10000, 10000, 10000, 10000, 10000, 10000, 10000, 10000, 10000, 10000, 10000, 10000, 10000, 10000, 10000, 10000, 10000, 10000, 10000, 10000, 10000, 10000, 10000, 10000, 10000, 10000, 10000, 10000, 10000, 10000, 10000, 10000, 10000, 10000, 10000, 10000, 10000, 10000, 10000, 10000, 10000, 10000, 10000, 10000, 10000, 10000, 10000, 10000, 10000, 10000, 10000, 10000, 10000, 10000, 10000], "episode_rewards": [19999.938170731068, 19999.97401058674, 19999.8854508996, 19999.99319702387, 19999.967596530914, 19999.935775458813, 19999.897703409195, 19999.994887709618, 19999.975932061672, 19999.900636196136, 19999.987180888653, 19999.950653135777, 19999.9478546381, 19999.974594771862, 19999.925512850285, 19999.98138999939, 19999.95645672083, 19999.954455196857, 19999.937721133232, 19999.939557790756, 19999.92827731371, 19999.903934061527, 19999.937092602253, 19999.94914728403, 19999.910632669926, 19999.890022933483, 19999.95283651352, 19999.99297875166, 19999.994107723236, 19999.989755392075, 19999.89287441969, 19999.976541161537, 19999.99445581436, 19999.876546740532, 19999.918086349964, 19999.893519997597, 19999.940005898476, 19999.972949683666, 19999.951887726784, 19999.98711824417, 19999.957467854023, 19999.892017900944, 19999.951892197132, 19999.947104930878, 19999.99302059412, 19999.988524973392, 19999.98154246807, 19999.943519294262, 19999.987151384354, 19999.990774273872, 19999.93377482891, 19999.919704198837, 19999.894007980824, 19999.982095897198, 19999.878941893578, 19999.90833812952, 19999.975083053112, 19999.973653137684, 19999.979316949844, 19999.94963890314, 19999.99282503128, 19999.987896502018, 19999.943444430828, 19999.97792571783, 19999.90186750889, 19999.973120987415, 19999.990417659283, 19999.985600292683, 19999.91293412447, 19999.970896959305, 19999.96201837063, 19999.911084532738, 19999.957381427288, 19999.980638980865, 19999.988557219505, 19999.987363100052, 19999.973671257496, 19999.937295675278, 19999.902300059795, 19999.978438436985, 19999.87219774723, 19999.986362695694, 19999.974720060825, 19999.991493582726, 19999.991734683514, 19999.967804133892, 19999.99467819929, 19999.989282011986, 19999.93239635229, 19999.992955863476, 19999.872652590275, 19999.938289523125, 19999.995129406452, 19999.985640108585, 19999.950115203857, 19999.963081657887, 19999.994787216187, 19999.980992496014, 19999.99483138323, 19999.957710027695], "episode_types": ["t", "t", "t", "t", "t", "t", "t", "t", "t", "t", "t", "t", "t", "t", "t", "t", "t", "t", "t", "t", "t", "t", "t", "t", "t", "t", "t", "t", "t", "t", "t", "t", "t", "t", "t", "t", "t", "t", "t", "t", "t", "t", "t", "t", "t", "t", "t", "t", "t", "t", "t", "t", "t", "t", "t", "t", "t", "t", "t", "t", "t", "t", "t", "t", "t", "t", "t", "t", "t", "t", "t", "t", "t", "t", "t", "t", "t", "t", "t", "t", "t", "t", "t", "t", "t", "t", "t", "t", "t", "t", "t", "t", "t", "t", "t", "t", "t", "t", "t", "t", "t"]}