{"initial_reset_timestamp": 1551607000.8631322, "timestamps": [1551607015.837958, 1551607031.5837762, 1551607054.0018766, 1551607071.8098824, 1551607092.6890423, 1551607111.1548867, 1551607125.9216497, 1551607141.2902236, 1551607156.1269028, 1551607170.9878004, 1551607185.8071957, 1551607200.8215451, 1551607216.1253233, 1551607230.74462, 1551607245.1493428, 1551607259.6098719, 1551607273.714571, 1551607288.7367656, 1551607303.2662237, 1551607319.8899837, 1551607340.150884, 1551607355.565878, 1551607376.1416533, 1551607398.6013455, 1551607421.0904763, 1551607440.708751, 1551607470.990906, 1551607497.526881, 1551607520.9447708, 1551607541.8623493, 1551607562.9611666, 1551607582.6921175, 1551607602.6355073, 1551607622.000313, 1551607642.0494263, 1551607665.471091, 1551607685.1054494, 1551607703.870928, 1551607721.1955216, 1551607745.8702488, 1551607765.2722902, 1551607783.792317, 1551607804.1078246, 1551607826.5348797, 1551607844.0521443, 1551607861.8486855, 1551607880.115655, 1551607897.8614411, 1551607915.6870441, 1551607933.483394, 1551607951.3433354, 1551607970.0349236, 1551607987.9064283, 1551608006.6598313, 1551608026.07736, 1551608045.1692452, 1551608064.6870637, 1551608084.485043, 1551608104.5315623, 1551608124.033537, 1551608143.4350438, 1551608163.5102608, 1551608185.7150712, 1551608205.921814, 1551608225.8540473, 1551608246.3061543, 1551608266.633745, 1551608286.427052, 1551608305.9771607, 1551608326.1656752, 1551608346.2053318, 1551608368.1980145, 1551608388.5920222, 1551608409.5228426, 1551608429.1487544, 1551608448.5492005, 1551608468.3325896, 1551608490.897468, 1551608513.8762581, 1551608534.5331671, 1551608553.9123776, 1551608573.0209308, 1551608593.079872, 1551608612.22203, 1551608631.5317297, 1551608649.7201624, 1551608668.577201, 1551608686.0382333, 1551608703.5344865, 1551608722.0763516, 1551608738.8488755, 1551608760.3206668, 1551608776.7688658, 1551608794.5447197, 1551608810.9286711, 1551608830.8125885, 1551608848.3937793, 1551608864.9261234, 1551608879.464836, 1551608894.3253527], "episode_lengths": [10000, 10000, 10000, 10000, 10000, 10000, 10000, 10000, 10000, 10000, 10000, 10000, 10000, 10000, 10000, 10000, 10000, 10000, 10000, 10000, 10000, 10000, 10000, 10000, 10000, 10000, 10000, 10000, 10000, 10000, 10000, 10000, 10000, 10000, 10000, 10000, 10000, 10000, 10000, 10000, 10000, 10000, 10000, 10000, 10000, 10000, 10000, 10000, 10000, 10000, 10000, 10000, 10000, 10000, 10000, 10000, 10000, 10000, 10000, 10000, 10000, 10000, 10000, 10000, 10000, 10000, 10000, 10000, 10000, 10000, 10000, 10000, 10000, 10000, 10000, 10000, 10000, 10000, 10000, 10000, 10000, 10000, 10000, 10000, 10000, 10000, 10000, 10000, 10000, 10000, 10000, 10000, 10000, 10000, 10000, 10000, 10000, 10000, 10000, 10000], "episode_rewards": [19999.960127174854, 19999.712927281857, 19999.91223347187, 19999.971317112446, 19999.884387910366, 19999.792015492916, 19999.840022802353, 19999.738988637924, 19999.83698230982, 19999.669068336487, 19999.97539538145, 19999.89863950014, 19999.859399437904, 19999.978137373924, 19999.881916105747, 19999.75380665064, 19999.944685935974, 19999.86712527275, 19999.973050653934, 19999.767282783985, 19999.96699643135, 19999.90081167221, 19999.834203720093, 19999.947607457638, 19999.971378803253, 19999.958975970745, 19999.869158685207, 19999.959037959576, 19999.89284080267, 19999.970659315586, 19999.871869683266, 19999.93766760826, 19999.754398405552, 19999.749431729317, 19999.91190391779, 19999.728569090366, 19999.85365921259, 19999.974062919617, 19999.969657421112, 19999.68098437786, 19999.92716449499, 19999.742758333683, 19999.708606243134, 19999.917104423046, 19999.840595006943, 19999.973259568214, 19999.923202753067, 19999.97687190771, 19999.766055047512, 19999.818078160286, 19999.94494098425, 19999.972078561783, 19999.935304164886, 19999.65954440832, 19999.71731173992, 19999.97679311037, 19999.939169228077, 19999.87152826786, 19999.947981357574, 19999.977923691273, 19999.89805930853, 19999.95926517248, 19999.6730093956, 19999.969931423664, 19999.920765459538, 19999.92654109001, 19999.954315781593, 19999.650837361813, 19999.82265251875, 19999.977373182774, 19999.97755652666, 19999.895649075508, 19999.976288676262, 19999.634351968765, 19999.79802083969, 19999.954246222973, 19999.943480730057, 19999.978026509285, 19999.89818441868, 19999.88810133934, 19999.73808515072, 19999.925721108913, 19999.881395041943, 19999.92040413618, 19999.665339529514, 19999.96274280548, 19999.951256930828, 19999.87938117981, 19999.84124994278, 19999.965217411518, 19999.972938120365, 19999.831763505936, 19999.633739054203, 19999.97647434473, 19999.854222655296, 19999.97801822424, 19999.77241295576, 19999.717887997627, 19999.976638138294, 19999.914747178555], "episode_types": ["t", "t", "t", "t", "t", "t", "t", "t", "t", "t", "t", "t", "t", "t", "t", "t", "t", "t", "t", "t", "t", "t", "t", "t", "t", "t", "t", "t", "t", "t", "t", "t", "t", "t", "t", "t", "t", "t", "t", "t", "t", "t", "t", "t", "t", "t", "t", "t", "t", "t", "t", "t", "t", "t", "t", "t", "t", "t", "t", "t", "t", "t", "t", "t", "t", "t", "t", "t", "t", "t", "t", "t", "t", "t", "t", "t", "t", "t", "t", "t", "t", "t", "t", "t", "t", "t", "t", "t", "t", "t", "t", "t", "t", "t", "t", "t", "t", "t", "t", "t"]}