{"initial_reset_timestamp": 1552583906.0204098, "timestamps": [1552584073.9056382, 1552584085.4471722, 1552584096.7142751, 1552584109.1316447, 1552584122.0065837, 1552584134.0618362, 1552584145.2156184, 1552584156.362367, 1552584170.3743513, 1552584182.7429864, 1552584195.067351, 1552584208.3642514, 1552584222.2384872, 1552584235.0499554, 1552584247.5040934, 1552584259.4693398, 1552584272.1490622, 1552584286.0716658, 1552584299.4131627, 1552584311.221218, 1552584322.8154569, 1552584337.7854922, 1552584349.5084229, 1552584360.54358, 1552584371.7482376, 1552584382.696901, 1552584393.3435428, 1552584404.6518285, 1552584417.1991062, 1552584428.8641186, 1552584439.728939, 1552584450.699661, 1552584464.8973134, 1552584479.2971108, 1552584490.7305028, 1552584503.8538496, 1552584516.608357, 1552584529.3019998, 1552584540.3879285, 1552584552.1840806, 1552584565.300956, 1552584578.044271, 1552584591.5706494, 1552584605.3765383, 1552584617.055888, 1552584628.711911, 1552584641.5166774, 1552584654.09509, 1552584667.2775197, 1552584679.4225986, 1552584690.5445, 1552584701.9773133, 1552584713.8836808, 1552584725.0836432, 1552584737.427159, 1552584750.606014, 1552584763.1195009, 1552584776.3139265, 1552584789.123733, 1552584802.1743298, 1552584814.9304605, 1552584828.1151, 1552584841.9151533, 1552584855.0920982, 1552584866.4340916, 1552584878.7001328, 1552584890.5629253, 1552584904.235004, 1552584917.7565525, 1552584933.6671803, 1552584946.8157456, 1552584959.9529111, 1552584971.1987712, 1552584983.8021085, 1552584996.9700608, 1552585009.3018408, 1552585020.842792, 1552585033.0401874, 1552585044.3939984, 1552585055.577304, 1552585066.6874614, 1552585078.9165957, 1552585091.0219944, 1552585104.4244797, 1552585116.8203573, 1552585130.3476174, 1552585143.8649476, 1552585156.2509785, 1552585169.9089465, 1552585183.102242, 1552585197.9121077, 1552585211.9609842, 1552585225.0843458, 1552585238.3382537, 1552585252.7827055, 1552585267.0170565, 1552585278.705521, 1552585290.2395318, 1552585304.8280804, 1552585316.5730996], "episode_lengths": [10000, 10000, 10000, 10000, 10000, 10000, 10000, 10000, 10000, 10000, 10000, 10000, 10000, 10000, 10000, 10000, 10000, 10000, 10000, 10000, 10000, 10000, 10000, 10000, 10000, 10000, 10000, 10000, 10000, 10000, 10000, 10000, 10000, 10000, 10000, 10000, 10000, 10000, 10000, 10000, 10000, 10000, 10000, 10000, 10000, 10000, 10000, 10000, 10000, 10000, 10000, 10000, 10000, 10000, 10000, 10000, 10000, 10000, 10000, 10000, 10000, 10000, 10000, 10000, 10000, 10000, 10000, 10000, 10000, 10000, 10000, 10000, 10000, 10000, 10000, 10000, 10000, 10000, 10000, 10000, 10000, 10000, 10000, 10000, 10000, 10000, 10000, 10000, 10000, 10000, 10000, 10000, 10000, 10000, 10000, 10000, 10000, 10000, 10000, 10000], "episode_rewards": [10514.439255025485, 10540.192064583272, 10534.21108260221, 10583.324344090986, 10511.015915128839, 10620.398510692723, 10675.247586440586, 10486.848202213907, 10526.355669709621, 10514.261699316194, 10524.376395768442, 10539.916962470626, 10540.170898302516, 10491.694290795349, 10666.103099224143, 10487.079724508862, 10542.866696405588, 10580.51827152996, 10483.47204188045, 10538.222446669562, 10539.11144519561, 10615.079684182187, 10534.478461554187, 10540.313740119105, 10519.329535171537, 10549.085730327992, 10481.432696496813, 10538.691631948619, 10489.80241181211, 10598.46254392826, 10480.830169020555, 10536.961454934819, 10480.25524656739, 10485.945498400892, 10482.77115393553, 10539.664882542857, 10528.616080674648, 10485.685439698063, 10513.514986684379, 10540.4314269631, 10562.520056544767, 10672.261579743645, 10550.40942267282, 10595.005636775546, 10546.966273121478, 10539.296288066509, 10601.449302448571, 10547.749765661574, 10490.956380147443, 10650.763993796456, 10520.486998246924, 10538.264248050633, 10501.79750205364, 10540.06142015518, 10605.06013205539, 10626.066106042155, 10750.656651835403, 10540.31338366359, 10631.598960272946, 10540.30377278311, 10621.904849168837, 10504.327491960372, 10518.82390594377, 10635.359769527138, 10584.87500027087, 10532.064092611039, 10538.25296858586, 10589.048304893877, 10483.157548754418, 10595.680304573536, 10540.318394379268, 10520.067487986602, 10502.660689133103, 10591.414464546979, 10565.667151070375, 10513.592536373588, 10526.029854681285, 10520.000889233954, 10513.061035692372, 10539.497556427763, 10538.33560896515, 10532.453738295779, 10482.9660447895, 10537.695262456633, 10558.073474991717, 10571.875188755417, 10607.560288939145, 10481.347773643833, 10526.927982482812, 10540.635716059973, 10528.094976594773, 10518.97826004152, 10675.619344615901, 10539.149632739718, 10538.786674887055, 10674.328760972974, 10541.433347664492, 10533.441450988175, 10539.965626934805, 10539.152176626463], "episode_types": ["t", "t", "t", "t", "t", "t", "t", "t", "t", "t", "t", "t", "t", "t", "t", "t", "t", "t", "t", "t", "t", "t", "t", "t", "t", "t", "t", "t", "t", "t", "t", "t", "t", "t", "t", "t", "t", "t", "t", "t", "t", "t", "t", "t", "t", "t", "t", "t", "t", "t", "t", "t", "t", "t", "t", "t", "t", "t", "t", "t", "t", "t", "t", "t", "t", "t", "t", "t", "t", "t", "t", "t", "t", "t", "t", "t", "t", "t", "t", "t", "t", "t", "t", "t", "t", "t", "t", "t", "t", "t", "t", "t", "t", "t", "t", "t", "t", "t", "t", "t"]}