{"initial_reset_timestamp": 1551598453.8303707, "timestamps": [1551598457.6790226, 1551598460.3509016, 1551598463.0149615, 1551598465.6701035, 1551598468.3329425, 1551598470.9721828, 1551598473.622224, 1551598476.2708018, 1551598478.9059799, 1551598481.5680244, 1551598484.2138884, 1551598486.8498054, 1551598489.4969287, 1551598492.1524785, 1551598494.8134503, 1551598497.627874, 1551598500.578343, 1551598503.303881, 1551598506.2270308, 1551598509.0148332, 1551598511.843811, 1551598514.6712708, 1551598517.4587827, 1551598520.2632623, 1551598523.0769997, 1551598525.8536136, 1551598528.683294, 1551598531.5411007, 1551598534.3803084, 1551598537.6479216, 1551598540.382679, 1551598543.2310665, 1551598546.2436728, 1551598549.1640267, 1551598552.1020787, 1551598554.8686159, 1551598557.8090782, 1551598560.5974746, 1551598563.2410035, 1551598565.9369907, 1551598568.6919785, 1551598571.3741353, 1551598574.0311437, 1551598576.6841307, 1551598579.3243868, 1551598581.982865, 1551598584.6357062, 1551598587.2763572, 1551598589.9167347, 1551598592.5708563, 1551598595.2021024, 1551598597.8649747, 1551598600.5202339, 1551598603.1715934, 1551598605.811936, 1551598608.471728, 1551598611.113427, 1551598613.7751524, 1551598616.4154477, 1551598619.0559225, 1551598621.7014825, 1551598624.354287, 1551598626.9889188, 1551598629.6409712, 1551598632.2901943, 1551598634.923432, 1551598637.572047, 1551598640.2299109, 1551598642.8759518, 1551598645.536857, 1551598648.186382, 1551598650.8414474, 1551598653.495429, 1551598656.1530154, 1551598658.7930896, 1551598661.4565523, 1551598664.1085408, 1551598666.7560701, 1551598669.4003112, 1551598672.0633228, 1551598674.719967, 1551598677.3910038, 1551598680.047261, 1551598682.6959722, 1551598685.3417315, 1551598688.0006013, 1551598690.6495864, 1551598693.3115563, 1551598695.9570696, 1551598698.5969493, 1551598701.2353272, 1551598703.9021442, 1551598706.5464451, 1551598709.2078776, 1551598711.8667223, 1551598714.5112653, 1551598717.1561623, 1551598719.8173842, 1551598722.4615622, 1551598725.1172087], "episode_lengths": [10000, 10000, 10000, 10000, 10000, 10000, 10000, 10000, 10000, 10000, 10000, 10000, 10000, 10000, 10000, 10000, 10000, 10000, 10000, 10000, 10000, 10000, 10000, 10000, 10000, 10000, 10000, 10000, 10000, 10000, 10000, 10000, 10000, 10000, 10000, 10000, 10000, 10000, 10000, 10000, 10000, 10000, 10000, 10000, 10000, 10000, 10000, 10000, 10000, 10000, 10000, 10000, 10000, 10000, 10000, 10000, 10000, 10000, 10000, 10000, 10000, 10000, 10000, 10000, 10000, 10000, 10000, 10000, 10000, 10000, 10000, 10000, 10000, 10000, 10000, 10000, 10000, 10000, 10000, 10000, 10000, 10000, 10000, 10000, 10000, 10000, 10000, 10000, 10000, 10000, 10000, 10000, 10000, 10000, 10000, 10000, 10000, 10000, 10000, 10000], "episode_rewards": [19521.25866934663, 19517.769374230877, 19521.408728993265, 19515.719836289994, 19526.37826311402, 19522.053714330308, 19528.354825403076, 19516.242474947125, 19524.454306895845, 19524.269546412397, 19527.98916688154, 19528.318335145246, 19526.850837389007, 19518.54167256877, 19521.107356534572, 19526.27052521333, 19518.45447058184, 19522.499005419202, 19516.995537859155, 19517.090667994693, 19523.679274903378, 19525.41238461621, 19522.88833454717, 19517.19642988639, 19518.927051954146, 19522.971965773497, 19522.878920529503, 19520.290238570422, 19528.36119329976, 19518.213922725525, 19523.254312757635, 19517.664045686834, 19524.854638522957, 19518.953754328802, 19522.57759317383, 19517.007546674926, 19519.242383081233, 19517.722509389743, 19517.12652859767, 19527.60932340962, 19517.17073308234, 19524.055859877728, 19521.850903263316, 19516.350282449974, 19516.708063658298, 19520.439343620557, 19523.920450274833, 19523.2142270786, 19523.816131491913, 19519.312752651516, 19519.323654417647, 19527.766482044884, 19522.1542867003, 19519.011379931755, 19519.687081500888, 19517.071645830758, 19522.212052598596, 19522.481583602726, 19526.218365418725, 19517.097178556956, 19518.31737739686, 19515.983389839996, 19524.84489608789, 19527.61015958886, 19525.10225302307, 19520.62703202665, 19517.327743631322, 19523.262923540547, 19523.877113111317, 19526.829153761268, 19518.48681712756, 19520.16111121513, 19528.18612688221, 19527.38811918511, 19526.158726588357, 19522.208346940577, 19526.063736627344, 19517.117129824357, 19527.08419423038, 19517.356935321353, 19527.19556687493, 19517.145138409687, 19527.328026568517, 19522.363815413788, 19518.88968164008, 19524.895315985195, 19519.781286016107, 19520.70107604796, 19525.784674134688, 19526.5104719596, 19519.199472813518, 19516.73207772315, 19527.280081473757, 19524.97662050277, 19518.871113848407, 19519.131311753183, 19519.481859008316, 19526.590862533078, 19516.480823242106, 19521.96302404208], "episode_types": ["t", "t", "t", "t", "t", "t", "t", "t", "t", "t", "t", "t", "t", "t", "t", "t", "t", "t", "t", "t", "t", "t", "t", "t", "t", "t", "t", "t", "t", "t", "t", "t", "t", "t", "t", "t", "t", "t", "t", "t", "t", "t", "t", "t", "t", "t", "t", "t", "t", "t", "t", "t", "t", "t", "t", "t", "t", "t", "t", "t", "t", "t", "t", "t", "t", "t", "t", "t", "t", "t", "t", "t", "t", "t", "t", "t", "t", "t", "t", "t", "t", "t", "t", "t", "t", "t", "t", "t", "t", "t", "t", "t", "t", "t", "t", "t", "t", "t", "t", "t", "t"]}