{"initial_reset_timestamp": 1551542653.762578, "timestamps": [1551542821.7101939, 1551542824.3011105, 1551542826.8880346, 1551542829.442306, 1551542831.9791458, 1551542834.499344, 1551542837.0168269, 1551542839.580117, 1551542842.1335495, 1551542844.6628995, 1551542847.1786642, 1551542849.6881144, 1551542852.197872, 1551542854.7098498, 1551542857.2184901, 1551542859.7291195, 1551542862.246736, 1551542864.7558954, 1551542867.2704265, 1551542869.7847216, 1551542872.2958167, 1551542874.8128428, 1551542877.3448343, 1551542879.8543947, 1551542882.3718526, 1551542884.8817883, 1551542887.388691, 1551542889.8970363, 1551542892.4142394, 1551542894.924901, 1551542897.4328256, 1551542900.0521717, 1551542902.5797267, 1551542905.1108227, 1551542907.6572177, 1551542911.0845492], "episode_lengths": [10000, 10000, 10000, 10000, 10000, 10000, 10000, 10000, 10000, 10000, 10000, 10000, 10000, 10000, 10000, 10000, 10000, 10000, 10000, 10000, 10000, 10000, 10000, 10000, 10000, 10000, 10000, 10000, 10000, 10000, 10000, 10000, 10000, 10000, 10000, 10000], "episode_rewards": [19999.86349236965, 19999.940046727657, 19999.879688560963, 19999.98882418871, 19999.915492653847, 19999.984862029552, 19999.94703143835, 19999.918591976166, 19999.874926388264, 19999.93928807974, 19999.981320858, 19999.97202450037, 19999.99147862196, 19999.9742628932, 19999.98327535391, 19999.982776999474, 19999.97906202078, 19999.927784085274, 19999.994975030422, 19999.995110332966, 19999.96102499962, 19999.951299071312, 19999.907452225685, 19999.922810435295, 19999.965297996998, 19999.971786558628, 19999.98775678873, 19999.969946563244, 19999.86992430687, 19999.988964378834, 19999.995119333267, 19999.967338383198, 19999.984975337982, 19999.994120299816, 19999.989699602127, 19999.963996708393], "episode_types": ["t", "t", "t", "t", "t", "t", "t", "t", "t", "t", "t", "t", "t", "t", "t", "t", "t", "t", "t", "t", "t", "t", "t", "t", "t", "t", "t", "t", "t", "t", "t", "t", "t", "t", "t", "t", "t"]}